Camber,FFact
0.000000,0.632500
-0.500000,0.730000
-1.000000,0.812500
-1.500000,0.880000
-2.000000,0.932500
-2.500000,0.970000
-3.000000,0.992500
-3.500000,1.000000
-4.000000,0.992500
-4.500000,0.970000